job_title,description,required_skills
Data Scientist,Analyze data to build predictive models.,"Python, SQL, Machine Learning"
Software Engineer,Develop web applications and APIs.,"JavaScript, Node.js, React"
ML Engineer,Design and implement machine learning models.,"Python, TensorFlow, PyTorch"
Backend Developer,Maintain and develop server-side logic.,"Java, Spring Boot, SQL"
Frontend Developer,Implement visual elements and user interactions.,"HTML, CSS, JavaScript"
Data Analyst,Interpret data to help decision making.,"Excel, SQL, PowerBI"
Cloud Architect,Design cloud infrastructure and services.,"AWS, GCP, Kubernetes"
DevOps Engineer,Automate software deployments and integration.,"Docker, Jenkins, Linux"
AI Researcher,Conduct AI experiments and publish results.,"Python, NLP, Research"
Business Analyst,Understand business data to offer insights.,"SQL, Excel, Statistics"
Data Scientist,Analyze data to build predictive models.,"Python, SQL, Machine Learning"
Software Engineer,Develop web applications and APIs.,"JavaScript, Node.js, React"
ML Engineer,Design and implement machine learning models.,"Python, TensorFlow, PyTorch"
Backend Developer,Maintain and develop server-side logic.,"Java, Spring Boot, SQL"
Frontend Developer,Implement visual elements and user interactions.,"HTML, CSS, JavaScript"
Data Analyst,Interpret data to help decision making.,"Excel, SQL, PowerBI"
Cloud Architect,Design cloud infrastructure and services.,"AWS, GCP, Kubernetes"
DevOps Engineer,Automate software deployments and integration.,"Docker, Jenkins, Linux"
AI Researcher,Conduct AI experiments and publish results.,"Python, NLP, Research"
Business Analyst,Understand business data to offer insights.,"SQL, Excel, Statistics"
Data Scientist,Analyze data to build predictive models.,"Python, SQL, Machine Learning"
Software Engineer,Develop web applications and APIs.,"JavaScript, Node.js, React"
ML Engineer,Design and implement machine learning models.,"Python, TensorFlow, PyTorch"
Backend Developer,Maintain and develop server-side logic.,"Java, Spring Boot, SQL"
Frontend Developer,Implement visual elements and user interactions.,"HTML, CSS, JavaScript"
Data Analyst,Interpret data to help decision making.,"Excel, SQL, PowerBI"
Cloud Architect,Design cloud infrastructure and services.,"AWS, GCP, Kubernetes"
DevOps Engineer,Automate software deployments and integration.,"Docker, Jenkins, Linux"
AI Researcher,Conduct AI experiments and publish results.,"Python, NLP, Research"
Business Analyst,Understand business data to offer insights.,"SQL, Excel, Statistics"
Data Scientist,Analyze data to build predictive models.,"Python, SQL, Machine Learning"
Software Engineer,Develop web applications and APIs.,"JavaScript, Node.js, React"
ML Engineer,Design and implement machine learning models.,"Python, TensorFlow, PyTorch"
Backend Developer,Maintain and develop server-side logic.,"Java, Spring Boot, SQL"
Frontend Developer,Implement visual elements and user interactions.,"HTML, CSS, JavaScript"
Data Analyst,Interpret data to help decision making.,"Excel, SQL, PowerBI"
Cloud Architect,Design cloud infrastructure and services.,"AWS, GCP, Kubernetes"
DevOps Engineer,Automate software deployments and integration.,"Docker, Jenkins, Linux"
AI Researcher,Conduct AI experiments and publish results.,"Python, NLP, Research"
Business Analyst,Understand business data to offer insights.,"SQL, Excel, Statistics"
Data Scientist,Analyze data to build predictive models.,"Python, SQL, Machine Learning"
Software Engineer,Develop web applications and APIs.,"JavaScript, Node.js, React"
ML Engineer,Design and implement machine learning models.,"Python, TensorFlow, PyTorch"
Backend Developer,Maintain and develop server-side logic.,"Java, Spring Boot, SQL"
Frontend Developer,Implement visual elements and user interactions.,"HTML, CSS, JavaScript"
Data Analyst,Interpret data to help decision making.,"Excel, SQL, PowerBI"
Cloud Architect,Design cloud infrastructure and services.,"AWS, GCP, Kubernetes"
DevOps Engineer,Automate software deployments and integration.,"Docker, Jenkins, Linux"
AI Researcher,Conduct AI experiments and publish results.,"Python, NLP, Research"
Business Analyst,Understand business data to offer insights.,"SQL, Excel, Statistics"
